Westminster constituency name,ONS code,General election win 2010,11/2012 general and by-election win,11/2012 Member of Parliament
Aberavon,W07000049,Labour,Hywel Francis (Labour),Labour
Aberconwy,W07000058,Conservative,Guto Bebb (Conservative),Conservative
Aberdeen North,S14000001,Labour,Frank Doran (Labour),Labour
Aberdeen South,S14000002,Labour,Anne Begg (Labour),Labour
Airdrie and Shotts,S14000003,Labour,Pamela Nash (Labour),Labour
Aldershot,E14000530,Conservative,Gerald Howarth (Conservative),Conservative
Aldridge-Brownhills,E14000531,Conservative,Richard Shepherd (Conservative),Conservative
Altrincham and Sale West,E14000532,Conservative,Graham Brady (Conservative),Conservative
Alyn and Deeside,W07000043,Labour,Mark Tami (Labour),Labour
Amber Valley,E14000533,Conservative,Nigel Mills (Conservative),Conservative
Angus,S14000004,SNP,Michael Weir (SNP),SNP
Arfon,W07000057,PC,Hywel Williams (Plaid Cymru),PC
Argyll and Bute,S14000005,Lib-Dem,Alan Reid (Liberal Democrat),Lib-Dem
Arundel and South Downs,E14000534,Conservative,Nick Herbert (Conservative),Conservative
Ashfield,E14000535,Labour,Gloria De Piero (Labour),Labour
Ashford,E14000536,Conservative,Damian Green (Conservative),Conservative
Ashton-under-Lyne,E14000537,Labour,David Heyes (Labour),Labour
Aylesbury,E14000538,Conservative,David Lidington (Conservative),Conservative
"Ayr, Carrick and Cumnock",S14000006,Labour,Sandra Osborne (Labour),Labour
Banbury,E14000539,Conservative,Tony Baldry (Conservative),Conservative
Banff and Buchan,S14000007,SNP,Eilidh Whiteford (SNP),SNP
Barking,E14000540,Labour,Margaret Hodge (Labour),Labour
Barnsley Central,E14000541,Labour,Dan Jarvis (Labour),Labour
Barnsley East,E14000542,Labour,Michael Dugher (Labour),Labour
Barrow and Furness,E14000543,Labour,John Woodcock (Labour),Labour
Basildon and Billericay,E14000544,Conservative,John Baron (Conservative),Conservative
Basingstoke,E14000545,Conservative,Maria Miller (Conservative),Conservative
Bassetlaw,E14000546,Labour,John Mann (Labour),Labour
Bath,E14000547,Lib-Dem,Don Foster (Liberal Democrat),Lib-Dem
Batley and Spen,E14000548,Labour,Mike Wood (Labour),Labour
Battersea,E14000549,Conservative,Jane Ellison (Conservative),Conservative
Beaconsfield,E14000550,Conservative,Dominic Grieve (Conservative),Conservative
Beckenham,E14000551,Conservative,Bob Stewart (Conservative),Conservative
Bedford,E14000552,Conservative,Richard Fuller (Conservative),Conservative
Bermondsey and Old Southwark,E14000553,Lib-Dem,Simon Hughes (Liberal Democrat),Lib-Dem
"Berwickshire, Roxburgh and Selkirk",S14000008,Lib-Dem,Michael Moore (Liberal Democrat),Lib-Dem
Berwick-upon-Tweed,E14000554,Lib-Dem,Alan Beith (Liberal Democrat),Lib-Dem
Bethnal Green and Bow,E14000555,Labour,Rushanara Ali (Labour),Labour
Beverley and Holderness,E14000556,Conservative,Graham Stuart (Conservative),Conservative
Bexhill and Battle,E14000557,Conservative,Gregory Barker (Conservative),Conservative
Bexleyheath and Crayford,E14000558,Conservative,David Evennett (Conservative),Conservative
Birkenhead,E14000559,Labour,Frank Field (Labour),Labour
Birmingham Edgbaston,E14000560,Labour,Gisela Stewart (Labour),Labour
Birmingham Erdington,E14000561,Labour,Jack Dromey (Labour),Labour
Birmingham Hall Green,E14000562,Labour,Roger Godsiff (Labour),Labour
Birmingham Hodge Hill,E14000563,Labour,Liam Byrne (Labour),Labour
Birmingham Ladywood,E14000564,Labour,Shabana Mahmood (Labour),Labour
Birmingham Northfield,E14000565,Labour,Richard Burden (Labour),Labour
Birmingham Perry Barr,E14000566,Labour,Khalid Mahmood (Labour),Labour
Birmingham Selly Oak,E14000567,Labour,Steve McCabe (Labour),Labour
Birmingham Yardley,E14000568,Lib-Dem,John Hemming (Liberal Democrats),Lib-Dem
Bishop Auckland,E14000569,Labour,Helen Goodman (Labour),Labour
Blackburn,E14000570,Labour,Jack Straw (Labour),Labour
Blackley and Broughton,E14000571,Labour,Graham Stringer (Labour),Labour
Blackpool North and Cleveleys,E14000572,Conservative,Paul Maynard (Conservative),Conservative
Blackpool South,E14000573,Labour,Gordon Marsden (Labour),Labour
Blaenau Gwent,W07000072,Labour,Nick Smith (Labour),Labour
Blaydon,E14000574,Labour,David Anderson (Labour),Labour
Blyth Valley,E14000575,Labour,Ronnie Campbell (Labour),Labour
Bognor Regis and Littlehampton,E14000576,Conservative,Nick Gibb (Conservative),Conservative
Bolsover,E14000577,Labour,Dennis Skinner (Labour),Labour
Bolton North East,E14000578,Labour,David Crausby (Labour),Labour
Bolton South East,E14000579,Labour,Yasmin Qureshi (Labour),Labour
Bolton West,E14000580,Labour,Julie Hilling (Labour),Labour
Bootle,E14000581,Labour,Joe Benton (Labour),Labour
Boston and Skegness,E14000582,Conservative,Mark Simmonds (Conservative),Conservative
Bosworth,E14000583,Conservative,David Tredinnick (Conservative),Conservative
Bournemouth East,E14000584,Conservative,Tobias Ellwood (Conservative),Conservative
Bournemouth West,E14000585,Conservative,Conor Burns (Conservative),Conservative
Bracknell,E14000586,Conservative,Phillip Lee (Conservative),Conservative
Bradford East,E14000587,Lib-Dem,David Ward (Liberal Democrat),Lib-Dem
Bradford South,E14000588,Labour,Gerry Sutcliffe (Labour),Labour
Bradford West,E14000589,Labour,George Galloway (Respect),Respect
Braintree,E14000590,Conservative,Brooks Newmark (Conservative),Conservative
Brecon and Radnorshire,W07000068,Lib-Dem,Roger Williams (Liberal Democrat),Lib-Dem
Brent Central,E14000591,Lib-Dem,Sarah Teather (Liberal Democrat),Lib-Dem
Brent North,E14000592,Labour,Barry Gardiner (Labour),Labour
Brentford and Isleworth,E14000593,Conservative,Mary McLeod (Conservative),Conservative
Brentwood and Ongar,E14000594,Conservative,Eric Pickles (Conservative),Conservative
Bridgend,W07000073,Labour,Madeleine Moon (Labour),Labour
Bridgwater and West Somerset,E14000595,Conservative,Ian Liddell-Grainger (Conservative),Conservative
Brigg and Goole,E14000596,Conservative,Andrew Percy (Conservative),Conservative
Brighton Kemptown,E14000597,Conservative,Simon Kirby (Conservative),Conservative
Brighton Pavilion,E14000598,Other,Caroline Lucas (Green),Green
Bristol East,E14000599,Labour,Kerry McCarthy (Labour),Labour
Bristol North West,E14000600,Conservative,Charlotte Leslie (Conservative),Conservative
Bristol South,E14000601,Labour,Dawn Primarolo (Labour),Labour
Bristol West,E14000602,Lib-Dem,Stephen Williams (Liberal Democrat),Lib-Dem
Broadland,E14000603,Conservative,Keith Simpson (Conservative),Conservative
Bromley and Chislehurst,E14000604,Conservative,Bob Neill (Conservative),Conservative
Bromsgrove,E14000605,Conservative,Sajid Javid (Conservative),Conservative
Broxbourne,E14000606,Conservative,Charles Walker (Conservative),Conservative
Broxtowe,E14000607,Conservative,Anna Soubry (Conservative),Conservative
Buckingham,E14000608,Other,John Bercow (Speaker),Speaker
Burnley,E14000609,Lib-Dem,Gordon Birtwistle (Liberal Democrat),Lib-Dem
Burton,E14000610,Conservative,Andrew Griffiths (Conservative),Conservative
Bury North,E14000611,Conservative,David Nuttall (Conservative),Conservative
Bury South,E14000612,Labour,Ivan Lewis (Labour),Labour
Bury St. Edmunds,E14000613,Conservative,David Ruffley (Conservative),Conservative
Caerphilly,W07000076,Labour,Wayne David (Labour),Labour
"Caithness, Sutherland and Easter Ross",S14000009,Lib-Dem,John Thurso (Liberal Democrat),Lib-Dem
Calder Valley,E14000614,Conservative,Craig Whittaker (Conservative),Conservative
Camberwell and Peckham,E14000615,Labour,Harriet Harman (Labour),Labour
Camborne and Redruth,E14000616,Conservative,George Eustice (Conservative),Conservative
Cambridge,E14000617,Lib-Dem,Julian Huppert (Liberal Democrat),Lib-Dem
Cannock Chase,E14000618,Conservative,Aidan Burley (Conservative),Conservative
Canterbury,E14000619,Conservative,Julian Brazier (Conservative),Conservative
Cardiff Central,W07000050,Lib-Dem,Jenny Willott (Liberal Democrat),Lib-Dem
Cardiff North,W07000051,Conservative,Jonathan Evans (Conservative),Conservative
Cardiff South and Penarth,W07000080,Labour,Stephen Doughty (Labour),Labour
Cardiff West,W07000079,Labour,Kevin Brennan (Labour),Labour
Carlisle,E14000620,Conservative,John Stevenson (Conservative),Conservative
Carmarthen East and Dinefwr,W07000067,PC,Jonathan Edwards (Plaid Cymru),PC
Carmarthen West and South Pembrokeshire,W07000066,Conservative,Simon Hart (Conservative),Conservative
Carshalton and Wallington,E14000621,Lib-Dem,Tom Brake (Liberal Democrat),Lib-Dem
Castle Point,E14000622,Conservative,Rebecca Harris (Conservative),Conservative
Central Ayrshire,S14000010,Labour,Brian H Donohoe (Labour),Labour
Central Devon,E14000623,Conservative,Mel Stride (Conservative),Conservative
Central Suffolk and North Ipswich,E14000624,Conservative,Daniel Poulter (Conservative),Conservative
Ceredigion,W07000064,Lib-Dem,Mark Williams (Liberal Democrat),Lib-Dem
Charnwood,E14000625,Conservative,Stephen Dorrell (Conservative),Conservative
Chatham and Aylesford,E14000626,Conservative,Tracey Crouch (Conservative),Conservative
Cheadle,E14000627,Lib-Dem,Mark Hunter (Liberal Democrat),Lib-Dem
Chelmsford,E14000628,Conservative,Simon Burns (Conservative),Conservative
Chelsea and Fulham,E14000629,Conservative,Greg Hands (Conservative),Conservative
Cheltenham,E14000630,Lib-Dem,Martin Horwood (Liberal Democrat),Lib-Dem
Chesham and Amersham,E14000631,Conservative,Cheryl Gillan (Conservative),Conservative
Chesterfield,E14000632,Labour,Toby Perkins (Labour),Labour
Chichester,E14000633,Conservative,Andrew Tyrie (Conservative),Conservative
Chingford and Woodford Green,E14000634,Conservative,Iain Duncan Smith (Conservative),Conservative
Chippenham,E14000635,Lib-Dem,Duncan Hames (Liberal Democrat),Lib-Dem
Chipping Barnet,E14000636,Conservative,Theresa Villiers (Conservative),Conservative
Chorley,E14000637,Labour,Lindsay Hoyle (Labour),Labour
Christchurch,E14000638,Conservative,Christopher Chope (Conservative),Conservative
Cities of London and Westminster,E14000639,Conservative,Mark Field (Conservative),Conservative
City of Chester,E14000640,Conservative,Stephen Mosley (Conservative),Conservative
City of Durham,E14000641,Labour,Roberta Blackman-Woods (Labour),Labour
Clacton,E14000642,Conservative,Douglas Carswell (Conservative),Conservative
Cleethorpes,E14000643,Conservative,Martin Vickers (Conservative),Conservative
Clwyd South,W07000062,Labour,Susan Elan Jones (Labour),Labour
Clwyd West,W07000059,Conservative,David Jones (Conservative),Conservative
"Coatbridge, Chryston and Bellshill",S14000011,Labour,Tom Clarke (Labour),Labour
Colchester,E14000644,Lib-Dem,Bob Russell (Liberal Democrat),Lib-Dem
Colne Valley,E14000645,Conservative,Jason McCartney (Conservative),Conservative
Congleton,E14000646,Conservative,Fiona Bruce (Conservative),Conservative
Copeland,E14000647,Labour,Jamie Reed (Labour),Labour
Corby,E14000648,Conservative,Andy Sawford (Labour),Labour
Coventry North East,E14000649,Labour,Bob Ainsworth (Labour),Labour
Coventry North West,E14000650,Labour,Geoffrey Robinson (Labour),Labour
Coventry South,E14000651,Labour,Jim Cunninhgham (Labour),Labour
Crawley,E14000652,Conservative,Henry Smith (Conservative),Conservative
Crewe and Nantwich,E14000653,Conservative,Edward Timpson (Conservative),Conservative
Croydon Central,E14000654,Conservative,Gavin Barwell (Conservative),Conservative
Croydon North,E14000655,Labour,Steve Reed (Labour),Labour
Croydon South,E14000656,Conservative,Richard Ottaway (Conservative),Conservative
"Cumbernauld, Kilsyth and Kirkintilloch East",S14000012,Labour,Gregg McClymont (Labour),Labour
Cynon Valley,W07000070,Labour,Ann Clwyd (Labour),Labour
Dagenham and Rainham,E14000657,Labour,Jon Cruddas (Labour),Labour
Darlington,E14000658,Labour,Jenny Chapman (Labour),Labour
Dartford,E14000659,Conservative,Gareth Johnson (Conservative),Conservative
Daventry,E14000660,Conservative,Chris Heaton-Harris (Conservative),Conservative
Delyn,W07000042,Labour,David Hanson (Labour),Labour
Denton and Reddish,E14000661,Labour,Andrew Gwynne (Labour),Labour
Derby North,E14000662,Labour,Chris Williamson (Labour),Labour
Derby South,E14000663,Labour,Margaret Beckett (Labour),Labour
Derbyshire Dales,E14000664,Conservative,Patrick McLoughlin (Conservative),Conservative
Devizes,E14000665,Conservative,Claire Perry (Conservative),Conservative
Dewsbury,E14000666,Conservative,Simon Reevell (Conservative),Conservative
Don Valley,E14000667,Labour,Caroline Flint (Labour),Labour
Doncaster Central,E14000668,Labour,Rosie Winterton (Labour),Labour
Doncaster North,E14000669,Labour,Ed Miliband (Labour),Labour
Dover,E14000670,Conservative,Charlie Elphicke (Conservative),Conservative
Dudley North,E14000671,Labour,Ian Austin (Labour),Labour
Dudley South,E14000672,Conservative,Chris Kelly (Conservative),Conservative
Dulwich and West Norwood,E14000673,Labour,Tessa Jowell (Labour),Labour
Dumfries and Galloway,S14000013,Labour,Russell Brown (Labour),Labour
"Dumfriesshire, Clydesdale and Tweeddale",S14000014,Conservative,David Mundell (Conservative),Conservative
Dundee East,S14000015,SNP,Stewart Hosie (SNP),SNP
Dundee West,S14000016,Labour,James McGovern (Labour),Labour
Dunfermline and West Fife,S14000017,Labour,Thomas Docherty (Labour),Labour
Dwyfor Meirionnydd,W07000061,PC,Elfyn Llwyd (Plaid Cymru),PC
Ealing Central and Acton,E14000674,Conservative,Angie Bray (Conservative),Conservative
Ealing North,E14000675,Labour,Stephen Pound (Labour),Labour
"Ealing, Southall",E14000676,Labour,Virendra Sharma (Labour),Labour
Easington,E14000677,Labour,Grahame Morris (Labour),Labour
East Devon,E14000678,Conservative,Hugo Swire (Conservative),Conservative
East Dunbartonshire,S14000018,Lib-Dem,Jo Swinson (Liberal Democrat),Lib-Dem
East Ham,E14000679,Labour,Stephen Timms (Labour),Labour
East Hampshire,E14000680,Conservative,Damian Hinds (Conservative),Conservative
"East Kilbride, Strathaven and Lesmahagow",S14000019,Labour,Michael McCann (Labour),Labour
East Lothian,S14000020,Labour,Fiona O'Donnell (Labour),Labour
East Renfrewshire,S14000021,Labour,Jim Murphy (Labour),Labour
East Surrey,E14000681,Conservative,Sam Gyimah (Conservative),Conservative
East Worthing and Shoreham,E14000682,Conservative,Tim Loughton (Conservative),Conservative
East Yorkshire,E14000683,Conservative,Greg Knight (Conservative),Conservative
Eastbourne,E14000684,Lib-Dem,Stephen Lloyd (Liberal Democrat),Lib-Dem
Eastleigh,E14000685,Lib-Dem,Chris Huhne (Liberal Democrat),Lib-Dem
Eddisbury,E14000686,Conservative,Stephen O'Brien (Conservative),Conservative
Edinburgh East,S14000022,Labour,Sheila Gilmore (Labour),Labour
Edinburgh North and Leith,S14000023,Labour,Mark Lazararowicz (Labour),Labour
Edinburgh South,S14000024,Labour,Ian Murray (Labour),Labour
Edinburgh South West,S14000025,Labour,Alistair Darling (Labour),Labour
Edinburgh West,S14000026,Lib-Dem,Michael Crockart (Liberal Democrat),Lib-Dem
Edmonton,E14000687,Labour,Andy Love (Labour),Labour
Ellesmere Port and Neston,E14000688,Labour,Andrew Miller (Labour),Labour
Elmet and Rothwell,E14000689,Conservative,Alec Shelbrooke (Conservative),Conservative
Eltham,E14000690,Labour,Clive Efford (Labour),Labour
Enfield North,E14000691,Conservative,Nick de Bois (Conservative),Conservative
"Enfield, Southgate",E14000692,Conservative,David Burrowes (Conservative),Conservative
Epping Forest,E14000693,Conservative,Eleanor Laing (Conservative),Conservative
Epsom and Ewell,E14000694,Conservative,Chris Grayling (Conservative),Conservative
Erewash,E14000695,Conservative,Jessica Lee (Conservative),Conservative
Erith and Thamesmead,E14000696,Labour,Teresa Pearce (Labour),Labour
Esher and Walton,E14000697,Conservative,Dominic Raab (Conservative),Conservative
Exeter,E14000698,Labour,Ben Bradshaw (Labour),Labour
Falkirk,S14000028,Labour,Eric Joyce (Labour),Labour
Fareham,E14000699,Conservative,Mark Hoban (Conservative),Conservative
Faversham and Mid Kent,E14000700,Conservative,Hugh Robertson (Conservative),Conservative
Feltham and Heston,E14000701,Labour,Seema Malhotra (Labour),Labour
Filton and Bradley Stoke,E14000702,Conservative,Jack Lopresti (Conservative),Conservative
Finchley and Golders Green,E14000703,Conservative,Mike Freer (Conservative),Conservative
Folkestone and Hythe,E14000704,Conservative,Damian Collins (Conservative),Conservative
Forest of Dean,E14000705,Conservative,Mark Harper (Conservative),Conservative
Fylde,E14000706,Conservative,Mark Menzies (Conservative),Conservative
Gainsborough,E14000707,Conservative,Edward Leigh (Conservative),Conservative
Garston and Halewood,E14000708,Labour,Maria Eagle (Labour),Labour
Gateshead,E14000709,Labour,Ian Mearns (Labour),Labour
Gedling,E14000710,Labour,Vernon Coaker (Labour),Labour
Gillingham and Rainham,E14000711,Conservative,Rehman Chishti (Conservative),Conservative
Glasgow Central,S14000029,Labour,Anas Sarwar (Labour),Labour
Glasgow East,S14000030,Labour,Margaret Curran (Labour),Labour
Glasgow North,S14000031,Labour,Ann McKechin (Labour),Labour
Glasgow North East,S14000032,Labour,Willie Bain (Labour),Labour
Glasgow North West,S14000033,Labour,John Robertson (Labour),Labour
Glasgow South,S14000034,Labour,Tom Harris (Labour),Labour
Glasgow South West,S14000035,Labour,Ian Davidson (Labour),Labour
Glenrothes,S14000036,Labour,Lindsay Roy (Labour),Labour
Gloucester,E14000712,Conservative,Richard Graham (Conservative),Conservative
Gordon,S14000037,Lib-Dem,Malcolm Bruce (Liberal Democrat),Lib-Dem
Gosport,E14000713,Conservative,Caroline Dineage (Conservative),Conservative
Gower,W07000046,Labour,Martin Caton (Labour),Labour
Grantham and Stamford,E14000714,Conservative,Nick Boles (Conservative),Conservative
Gravesham,E14000715,Conservative,Adam Holloway (Conservative),Conservative
Great Grimsby,E14000716,Labour,Austin Mitchell (Labour),Labour
Great Yarmouth,E14000717,Conservative,Brandon Lewis (Conservative),Conservative
Greenwich and Woolwich,E14000718,Labour,Nick Raynsford (Labour),Labour
Guildford,E14000719,Conservative,Anne Milton (Conservative),Conservative
Hackney North and Stoke Newington,E14000720,Labour,Diane Abbott (Labour),Labour
Hackney South and Shoreditch,E14000721,Labour,Meg Hillier (Labour),Labour
Halesowen and Rowley Regis,E14000722,Conservative,James Morris (Conservative),Conservative
Halifax,E14000723,Labour,Linda Riordan (Labour),Labour
Haltemprice and Howden,E14000724,Conservative,David Davis (Conservative),Conservative
Halton,E14000725,Labour,Derek Twigg (Labour),Labour
Hammersmith,E14000726,Labour,Andrew Slaughter (Labour),Labour
Hampstead and Kilburn,E14000727,Labour,Glenda Jackson (Labour),Labour
Harborough,E14000728,Conservative,Edward Garnier (Conservative),Conservative
Harlow,E14000729,Conservative,Robert Halfon (Conservative),Conservative
Harrogate and Knaresborough,E14000730,Conservative,Andrew Jones (Conservative),Conservative
Harrow East,E14000731,Conservative,Bob Blackman (Conservative),Conservative
Harrow West,E14000732,Labour,Gareth Thomas (Labour),Labour
Hartlepool,E14000733,Labour,Iain Wright (Labour),Labour
Harwich and North Essex,E14000734,Conservative,Bernard Jenkin (Conservative),Conservative
Hastings and Rye,E14000735,Conservative,Amber Rudd (Conservative),Conservative
Havant,E14000736,Conservative,David Willets (Conservative),Conservative
Hayes and Harlington,E14000737,Labour,John McDonnell (Labour),Labour
Hazel Grove,E14000738,Lib-Dem,Andrew Stunell (Liberal Democrat),Lib-Dem
Hemel Hempstead,E14000739,Conservative,Mike Penning (Conservative),Conservative
Hemsworth,E14000740,Labour,Jon Trickett (Labour),Labour
Hendon,E14000741,Conservative,Matthew Offord (Conservative),Conservative
Henley,E14000742,Conservative,John Howell (Conservative),Conservative
Hereford and South Herefordshire,E14000743,Conservative,Jesse Norman (Conservative),Conservative
Hertford and Stortford,E14000744,Conservative,Mark Prisk (Conservative),Conservative
Hertsmere,E14000745,Conservative,James Clappison (Conservative),Conservative
Hexham,E14000746,Conservative,Guy Opperman (Conservative),Conservative
Heywood and Middleton,E14000747,Labour,Jim Dobbin (Labour),Labour
High Peak,E14000748,Conservative,Andrew Bingham (Conservative),Conservative
Hitchin and Harpenden,E14000749,Conservative,Peter Lilley (Conservative),Conservative
Holborn and St. Pancras,E14000750,Labour,Frank Dobson (Labour),Labour
Hornchurch and Upminster,E14000751,Conservative,Angela Watkinson (Conservative),Conservative
Hornsey and Wood Green,E14000752,Lib-Dem,Lynne Featherstone (Liberal Democrat),Lib-Dem
Horsham,E14000753,Conservative,Francis Maude (Conservative),Conservative
Houghton and Sunderland South,E14000754,Labour,Bridget Phillipson (Labour),Labour
Hove,E14000755,Conservative,Mike Weatherley (Conservative),Conservative
Huddersfield,E14000756,Labour,Barry Sheerman (Labour),Labour
Huntingdon,E14000757,Conservative,Jonathan Djanogly (Conservative),Conservative
Hyndburn,E14000758,Labour,Graham Jones (Labour),Labour
Ilford North,E14000759,Conservative,Lee Scott (Conservative),Conservative
Ilford South,E14000760,Labour,Mike Gapes (Labour),Labour
Inverclyde,S14000038,Labour,Iain McKenzie (Labour),Labour
"Inverness, Nairn, Badenoch and Strathspey",S14000039,Lib-Dem,Danny Alexander (Liberal Democrat),Lib-Dem
Ipswich,E14000761,Conservative,Ben Gummer (Conservative),Conservative
Isle of Wight,E14000762,Conservative,Andrew Turner (Conservative),Conservative
Islington North,E14000763,Labour,Jeremy Corbyn (Labour),Labour
Islington South and Finsbury,E14000764,Labour,Emily Thornberry (Labour),Labour
Islwyn,W07000077,Labour,Chris Evans (Labour),Labour
Jarrow,E14000765,Labour,Stephen Hepburn (Labour),Labour
Keighley,E14000766,Conservative,Kris Hopkins (Conservative),Conservative
Kenilworth and Southam,E14000767,Conservative,Jeremy Wright (Conservative),Conservative
Kensington,E14000768,Conservative,Sir Malcolm Rifkind (Conservative),Conservative
Kettering,E14000769,Conservative,Philip Hollobone (Conservative),Conservative
Kilmarnock and Loudoun,S14000040,Labour,Cathy Jamieson (Labour),Labour
Kingston and Surbiton,E14000770,Lib-Dem,Ed Davey (Liberal Democrat),Lib-Dem
Kingston upon Hull East,E14000771,Labour,Karl Turner (Labour),Labour
Kingston upon Hull North,E14000772,Labour,Diana Johnson (Labour),Labour
Kingston upon Hull West and Hessle,E14000773,Labour,Alan Johnson (Labour),Labour
Kingswood,E14000774,Conservative,Chris Skidmore (Conservative),Conservative
Kirkcaldy and Cowdenbeath,S14000041,Labour,Gordon Brown (Labour),Labour
Knowsley,E14000775,Labour,George Howarth (Labour),Labour
Lanark and Hamilton East,S14000042,Labour,Jimmy Hood (Labour),Labour
Lancaster and Fleetwood,E14000776,Conservative,Eric Ollerenshaw (Conservative),Conservative
Leeds Central,E14000777,Labour,Hilary Benn (Labour),Labour
Leeds East,E14000778,Labour,Geroge Mudie (Labour),Labour
Leeds North East,E14000779,Labour,Fabian Hamilton (Labour),Labour
Leeds North West,E14000780,Lib-Dem,Greg Mulholland (Liberal Democrat),Lib-Dem
Leeds West,E14000781,Labour,Rachel Reeves (Labour),Labour
Leicester East,E14000782,Labour,Keith Vaz (Labour),Labour
Leicester South,E14000783,Labour,Jonathan Ashworth (Labour),Labour
Leicester West,E14000784,Labour,Liz Kendall (Labour),Labour
Leigh,E14000785,Labour,Andy Burnham (Labour),Labour
Lewes,E14000786,Lib-Dem,Norman Baker (Liberal Democrat),Lib-Dem
Lewisham East,E14000787,Labour,Heidi Alexander (Labour),Labour
Lewisham West and Penge,E14000788,Labour,Jim Dowd (Labour),Labour
"Lewisham, Deptford",E14000789,Labour,Joan Ruddock (Labour),Labour
Leyton and Wanstead,E14000790,Labour,John Cryer (Labour),Labour
Lichfield,E14000791,Conservative,Michael Fabricant (Conservative),Conservative
Lincoln,E14000792,Conservative,Karl McCartney (Conservative),Conservative
Linlithgow and East Falkirk,S14000043,Labour,Michael Connarty (Labour),Labour
Liverpool Riverside,E14000793,Labour,Louise Ellman (Labour),Labour
Liverpool Walton,E14000794,Labour,Steve Rotheram (Labour),Labour
Liverpool Wavertree,E14000795,Labour,Luciana Berger (Labour),Labour
Liverpool West Derby,E14000796,Labour,Stephen Twigg (Labour),Labour
Livingston,S14000044,Labour,Graeme Morrice (Labour),Labour
Llanelli,W07000045,Labour,Nia Griffith (Labour),Labour
Loughborough,E14000797,Conservative,Nicky Morgan (Conservative),Conservative
Louth and Horncastle,E14000798,Conservative,Peter Tapsell (Conservative),Conservative
Ludlow,E14000799,Conservative,Philip Dunne (Conservative),Conservative
Luton North,E14000800,Labour,Kelvin Hopkins (Labour),Labour
Luton South,E14000801,Labour,Gavin Shuker (Labour),Labour
Macclesfield,E14000802,Conservative,David Rutley (Conservative),Conservative
Maidenhead,E14000803,Conservative,Theresa May (Conservative),Conservative
Maidstone and The Weald,E14000804,Conservative,Helen Grant (Conservative),Conservative
Makerfield,E14000805,Labour,Yvonne Fovargue (Labour),Labour
Maldon,E14000806,Conservative,John Whittingdale (Conservative),Conservative
Manchester Central,E14000807,Labour,Lucy Powell (Labour),Labour
Manchester Gorton,E14000808,Labour,Gerald Kaufman (Labour),Labour
Manchester Withington,E14000809,Lib-Dem,John Leech (Liberal Democrat),Lib-Dem
Mansfield,E14000810,Labour,Alan Meale (Labour),Labour
Meon Valley,E14000811,Conservative,George Hollingbery (Conservative),Conservative
Meriden,E14000812,Conservative,Caroline Spelman (Conservative),Conservative
Merthyr Tydfil and Rhymney Co Const,W07000071,Labour,Dai Havard (Labour),Labour
Mid Bedfordshire,E14000813,Conservative,Nadine Dorries (Conservative),Conservative
Mid Derbyshire,E14000814,Conservative,Pauline Latham (Conservative),Conservative
Mid Dorset and North Poole,E14000815,Lib-Dem,Annette Brooke (Liberal Democrat),Lib-Dem
Mid Norfolk,E14000816,Conservative,George Freeman (Conservative),Conservative
Mid Sussex,E14000817,Conservative,Nicholas Soames (Conservative),Conservative
Mid Worcestershire,E14000818,Conservative,Peter Luff (Conservative),Conservative
Middlesbrough,E14000819,Labour,Andy McDonald (Labour),Labour
Middlesbrough South and East Cleveland,E14000820,Labour,Tom Blenkinsop (Labour),Labour
Midlothian,S14000045,Labour,David Hamilton (Labour),Labour
Milton Keynes North,E14000821,Conservative,Mark Lancaster (Conservative),Conservative
Milton Keynes South,E14000822,Conservative,Iain Stewart (Conservative),Conservative
Mitcham and Morden,E14000823,Labour,Siobhain McDonagh (Labour),Labour
Mole Valley,E14000824,Conservative,Paul Beresford (Conservative),Conservative
Monmouth,W07000054,Conservative,David Davies (Conservative),Conservative
Montgomeryshire,W07000063,Conservative,Glyn Davies (Conservative),Conservative
Moray,S14000046,SNP,Angus Robertson (SNP),SNP
Morecambe and Lunesdale,E14000825,Conservative,David Morris (Conservative),Conservative
Morley and Outwood,E14000826,Labour,Ed Balls (Labour),Labour
Motherwell and Wishaw,S14000047,Labour,Frank Roy (Labour),Labour
Na h-Eileanan an Iar,S14000027,SNP,Angus MacNeil (SNP),SNP
Neath,W07000069,Labour,Peter Hain (Labour),Labour
New Forest East,E14000827,Conservative,Julian Lewis (Conservative),Conservative
New Forest West,E14000828,Conservative,Desmond Swayne (Conservative),Conservative
Newark,E14000829,Conservative,Patrick Mercer (Conservative),Conservative
Newbury,E14000830,Conservative,Richard Benyon (Conservative),Conservative
Newcastle upon Tyne Central,E14000831,Labour,Chinyelu Onwurah (Labour),Labour
Newcastle upon Tyne East,E14000832,Labour,Nicholas Brown (Labour),Labour
Newcastle upon Tyne North,E14000833,Labour,Catherine McKinnell (Labour),Labour
Newcastle-under-Lyme,E14000834,Labour,Paul Farrelly (Labour),Labour
Newport East,W07000055,Labour,Jessica Morden (Labour),Labour
Newport West,W07000056,Labour,Paul Flynn (Labour),Labour
Newton Abbot,E14000835,Conservative,Anne-Marie Morris (Conservative),Conservative
"Normanton, Pontefract and Castleford",E14000836,Labour,Yvette Cooper (Labour),Labour
North Ayrshire and Arran,S14000048,Labour,Katy Clark (Labour),Labour
North Cornwall,E14000837,Lib-Dem,Dan Rogerson (Liberal Democrat),Lib-Dem
North Devon,E14000838,Lib-Dem,Nick Harvey (Liberal Democrat),Lib-Dem
North Dorset,E14000839,Conservative,Robert Walter (Conservative),Conservative
North Durham,E14000840,Labour,Kevan Jones (Labour),Labour
North East Bedfordshire,E14000841,Conservative,Alistair Burt (Conservative),Conservative
North East Cambridgeshire,E14000842,Conservative,Steve Barclay (Conservative),Conservative
North East Derbyshire,E14000843,Labour,Natascha Engel (Labour),Labour
North East Fife,S14000049,Lib-Dem,Menzies Campbell (Liberal Democrat),Lib-Dem
North East Hampshire,E14000844,Conservative,James Arbuthnot (Conservative),Conservative
North East Hertfordshire,E14000845,Conservative,Oliver Heald (Conservative),Conservative
North East Somerset,E14000846,Conservative,Jacob Rees-Mogg (Conservative),Conservative
North Herefordshire,E14000847,Conservative,Bill Wiggin (Conservative),Conservative
North Norfolk,E14000848,Lib-Dem,Norman Lamb (Liberal Democrat),Lib-Dem
North Shropshire,E14000849,Conservative,Owen Paterson (Conservative),Conservative
North Somerset,E14000850,Conservative,Liam Fox (Conservative),Conservative
North Swindon,E14000851,Conservative,Justin Tomlinson (Conservative),Conservative
North Thanet,E14000852,Conservative,Roger Gale (Conservative),Conservative
North Tyneside,E14000853,Labour,Mary Glindon (Labour),Labour
North Warwickshire,E14000854,Conservative,Dan Byles (Conservative),Conservative
North West Cambridgeshire,E14000855,Conservative,Shailesh Vara (Conservative),Conservative
North West Durham,E14000856,Labour,Pat Glass (Labour),Labour
North West Hampshire,E14000857,Conservative,Sir George Young (Conservative),Conservative
North West Leicestershire,E14000858,Conservative,Andrew Bridgen (Conservative),Conservative
North West Norfolk,E14000859,Conservative,Henry Bellingham (Conservative),Conservative
North Wiltshire,E14000860,Conservative,James Gray (Conservative),Conservative
Northampton North,E14000861,Conservative,Michael Ellis (Conservative),Conservative
Northampton South,E14000862,Conservative,Brian Binley (Conservative),Conservative
Norwich North,E14000863,Conservative,Chloe Smith (Conservative),Conservative
Norwich South,E14000864,Lib-Dem,Simon Wright (Liberal Democrat),Lib-Dem
Nottingham East,E14000865,Labour,Chris Leslie (Labour),Labour
Nottingham North,E14000866,Labour,Graham Allen (Labour),Labour
Nottingham South,E14000867,Labour,Lilian Greenwood (Labour),Labour
Nuneaton,E14000868,Conservative,Marcus Jones (Conservative),Conservative
Ochil and South Perthshire,S14000050,Labour,Gordon Banks (Labour),Labour
Ogmore,W07000074,Labour,Huw Irranca-Davies (Labour),Labour
Old Bexley and Sidcup,E14000869,Conservative,James Brokenshire (Conservative),Conservative
Oldham East and Saddleworth,E14000870,Labour,Debbie Abrahams (Labour),Labour
Oldham West and Royton,E14000871,Labour,Michael Meacher (Labour),Labour
Orkney and Shetland,S14000051,Lib-Dem,Alistair Carmichael (Liberal Democrat),Lib-Dem
Orpington,E14000872,Conservative,Jo Johnson (Conservative),Conservative
Oxford East,E14000873,Labour,Andrew Smith (Labour),Labour
Oxford West and Abingdon,E14000874,Conservative,Nicola Blackwood (Conservative),Conservative
Paisley and Renfrewshire North,S14000052,Labour,Jim Sheridan (Labour),Labour
Paisley and Renfrewshire South,S14000053,Labour,Douglas Alexander (Labour),Labour
Pendle,E14000875,Conservative,Andrew Stephenson (Conservative),Conservative
Penistone and Stocksbridge,E14000876,Labour,Anglea Smith (Labour),Labour
Penrith and The Border,E14000877,Conservative,Rory Stewart (Conservative),Conservative
Perth and North Perthshire,S14000054,SNP,Pete Wishart (SNP),SNP
Peterborough,E14000878,Conservative,Stewart Jackson (Conservative),Conservative
"Plymouth, Moor View",E14000879,Labour,Alison Seabeck (Labour),Labour
"Plymouth, Sutton and Devonport",E14000880,Conservative,Oliver Colville (Conservative),Conservative
Pontypridd,W07000075,Labour,Owen Smith (Labour),Labour
Poole,E14000881,Conservative,Robert Syms (Conservative),Conservative
Poplar and Limehouse,E14000882,Labour,Jim Fitzpatrick (Labour),Labour
Portsmouth North,E14000883,Conservative,Penny Mordaunt (Conservative),Conservative
Portsmouth South,E14000884,Lib-Dem,Mike Hancock (Liberal Democrat),Lib-Dem
Preseli Pembrokeshire,W07000065,Conservative,Stephen Crabb (Conservative),Conservative
Preston,E14000885,Labour,Mark Hendrick (Labour),Labour
Pudsey,E14000886,Conservative,Stuart Andrew (Conservative),Conservative
Putney,E14000887,Conservative,Justine Greening (Conservative),Conservative
Rayleigh and Wickford,E14000888,Conservative,Mark Francois (Conservative),Conservative
Reading East,E14000889,Conservative,Robert Wilson (Conservative),Conservative
Reading West,E14000890,Conservative,Alok Sharma (Conservative),Conservative
Redcar,E14000891,Lib-Dem,Ian Swales (Liberal Democrat),Lib-Dem
Redditch,E14000892,Conservative,Karen Lumley (Conservative),Conservative
Reigate,E14000893,Conservative,Crispin Blunt (Conservative),Conservative
Rhondda,W07000052,Labour,Chris Bryant (Labour),Labour
Ribble Valley,E14000894,Conservative,Nigel Evans (Conservative),Conservative
Richmond (Yorks),E14000895,Conservative,William Hague (Conservative),Conservative
Richmond Park,E14000896,Conservative,Zac Goldsmith (Conservative),Conservative
Rochdale,E14000897,Labour,Simon Danczuk (Labour),Labour
Rochester and Strood,E14000898,Conservative,Mark Reckless (Conservative),Conservative
Rochford and Southend East,E14000899,Conservative,James Dudridge (Conservative),Conservative
Romford,E14000900,Conservative,Andrew Rosindell (Conservative),Conservative
Romsey and Southampton North,E14000901,Conservative,Caroline Nokes (Conservative),Conservative
"Ross, Skye and Lochaber",S14000055,Lib-Dem,Charles Kennedy (Liberal Democrat),Lib-Dem
Rossendale and Darwen,E14000902,Conservative,Jake Berry (Conservative),Conservative
Rother Valley,E14000903,Labour,Kevin Barron (Labour),Labour
Rotherham,E14000904,Labour,Sarah Champion (Labour),Labour
Rugby,E14000905,Conservative,Mark Pawsey (Conservative),Conservative
Ruislip Northwood and Pinner,E14000906,Conservative,Nick Hurd (Conservative),Conservative
Runnymede and Weybridge,E14000907,Conservative,Philip Hammond (Conservative),Conservative
Rushcliffe,E14000908,Conservative,Kenneth Clarke (Conservative),Conservative
Rutherglen and Hamilton West,S14000056,Labour,Tom Greatrex (Labour),Labour
Rutland and Melton,E14000909,Conservative,Alan Duncan (Conservative),Conservative
Saffron Walden,E14000910,Conservative,Alan Haselhurst (Conservative),Conservative
Salford and Eccles,E14000911,Labour,Hazel Blears (Labour),Labour
Salisbury,E14000912,Conservative,John Glen (Conservative),Conservative
Scarborough and Whitby,E14000913,Conservative,Robert Goodwill (Conservative),Conservative
Scunthorpe,E14000914,Labour,Nic Dakin (Labour),Labour
Sedgefield,E14000915,Labour,Phil Wilson (Labour),Labour
Sefton Central,E14000916,Labour,Bill Esterton (Labour),Labour
Selby and Ainsty,E14000917,Conservative,Nigel Adams (Conservative),Conservative
Sevenoaks,E14000918,Conservative,Michael Fallon (Conservative),Conservative
Sheffield Brightside and Hillsborough,E14000921,Labour,David Blunkett (Labour),Labour
Sheffield Central,E14000919,Labour,Paul Blomfield (Labour),Labour
Sheffield Hallam,E14000922,Lib-Dem,Nick Clegg (Liberal Democrat),Lib-Dem
Sheffield Heeley,E14000923,Labour,Meg Munn (Labour),Labour
Sheffield South East,E14000920,Labour,Clive Betts (Labour),Labour
Sherwood,E14000924,Conservative,Mark Spencer (Conservative),Conservative
Shipley,E14000925,Conservative,Philip Davies (Conservative),Conservative
Shrewsbury and Atcham,E14000926,Conservative,Daniel Kawczynski (Conservative),Conservative
Sittingbourne and Sheppey,E14000927,Conservative,Gordon Henderson (Conservative),Conservative
Skipton and Ripon,E14000928,Conservative,Julian Smith (Conservative),Conservative
Sleaford and North Hykeham,E14000929,Conservative,Stephen Phillips (Conservative),Conservative
Slough,E14000930,Labour,Fiona Mactaggart (Labour),Labour
Solihull,E14000931,Lib-Dem,Lorely Burt (Liberal Democrat),Lib-Dem
Somerton and Frome,E14000932,Lib-Dem,David Heath (Liberal Democrat),Lib-Dem
South Basildon and East Thurrock,E14000933,Conservative,Stephen Metcalfe (Conservative),Conservative
South Cambridgeshire,E14000934,Conservative,Andrew Lansley (Conservative),Conservative
South Derbyshire,E14000935,Conservative,Heather Wheeler (Conservative),Conservative
South Dorset,E14000936,Conservative,Richard Drax (Conservative),Conservative
South East Cambridgeshire,E14000937,Conservative,James Paice (Conservative),Conservative
South East Cornwall,E14000938,Conservative,Sheryll Murray (Conservative),Conservative
South Holland and The Deepings,E14000939,Conservative,John Hayes (Conservative),Conservative
South Leicestershire,E14000940,Conservative,Andrew Robathan (Conservative),Conservative
South Norfolk,E14000941,Conservative,Richard Bacon (Conservative),Conservative
South Northamptonshire,E14000942,Conservative,Andrea Leadsom (Conservative),Conservative
South Ribble,E14000943,Conservative,Lorraine Fullbrook (Conservative),Conservative
South Shields,E14000944,Labour,David Miliband (Labour),Labour
South Staffordshire,E14000945,Conservative,Gavin Williamson (Conservative),Conservative
South Suffolk,E14000946,Conservative,Tim Yeo (Conservative),Conservative
South Swindon,E14000947,Conservative,Robert Buckland (Conservative),Conservative
South Thanet,E14000948,Conservative,Laura Sandys (Conservative),Conservative
South West Bedfordshire,E14000949,Conservative,Andrew Selous (Conservative),Conservative
South West Devon,E14000950,Conservative,Gary Streeter (Conservative),Conservative
South West Hertfordshire,E14000951,Conservative,David Gauke (Conservative),Conservative
South West Norfolk,E14000952,Conservative,Elizabeth Truss (Conservative),Conservative
South West Surrey,E14000953,Conservative,Jeremy Hunt (Conservative),Conservative
South West Wiltshire,E14000954,Conservative,Andrew Murrison (Conservative),Conservative
Southampton Itchen,E14000955,Labour,John Denham (Labour),Labour
Southampton Test,E14000956,Labour,Alan Whitehead (Labour),Labour
Southend West,E14000957,Conservative,David Amess (Conservative),Conservative
Southport,E14000958,Lib-Dem,John Pugh (Liberal Democrat),Lib-Dem
Spelthorne,E14000959,Conservative,Kwasi Kwarteng (Conservative),Conservative
St. Albans,E14000960,Conservative,Anne Main (Conservative),Conservative
St. Austell and Newquay,E14000961,Lib-Dem,Stephen Gilbert (Liberal Democrat),Lib-Dem
St. Helens North,E14000962,Labour,Dave Watts (Labour),Labour
St. Helens South and Whiston,E14000963,Labour,Shaun Woodward (Labour),Labour
St. Ives,E14000964,Lib-Dem,Andrew George (Liberal Democrat),Lib-Dem
Stafford,E14000965,Conservative,Jeremy Lefroy (Conservative),Conservative
Staffordshire Moorlands,E14000966,Conservative,Karen Bradley (Conservative),Conservative
Stalybridge and Hyde,E14000967,Labour,Jonathan Reynolds (Labour),Labour
Stevenage,E14000968,Conservative,Stephen McPartland (Conservative),Conservative
Stirling,S14000057,Labour,Anne McGuire (Labour),Labour
Stockport,E14000969,Labour,Ann Coffey (Labour),Labour
Stockton North,E14000970,Labour,Alex Cunningham (Labour),Labour
Stockton South,E14000971,Conservative,James Wharton (Conservative),Conservative
Stoke-on-Trent Central,E14000972,Labour,Tristram Hunt (Labour),Labour
Stoke-on-Trent North,E14000973,Labour,Joan Walley (Labour),Labour
Stoke-on-Trent South,E14000974,Labour,Robert Flello (Labour),Labour
Stone,E14000975,Conservative,William Cash (Conservative),Conservative
Stourbridge,E14000976,Conservative,Margot James (Conservative),Conservative
Stratford-on-Avon,E14000977,Conservative,Nadhim Zahawi (Conservative),Conservative
Streatham,E14000978,Labour,Chuka Umunna (Labour),Labour
Stretford and Urmston,E14000979,Labour,Kate Green (Labour),Labour
Stroud,E14000980,Conservative,Neil Carmichael (Conservative),Conservative
Suffolk Coastal,E14000981,Conservative,Therese Coffey (Conservative),Conservative
Sunderland Central,E14000982,Labour,Julie Elliott (Labour),Labour
Surrey Heath,E14000983,Conservative,Michael Gove (Conservative),Conservative
Sutton and Cheam,E14000984,Lib-Dem,Paul Burstow (Liberal Democrat),Lib-Dem
Sutton Coldfield,E14000985,Conservative,Andrew Mitchell (Conservative),Conservative
Swansea East,W07000048,Labour,Sian James (Labour),Labour
Swansea West,W07000047,Labour,Geraint Davies (Labour),Labour
Tamworth,E14000986,Conservative,Christopher Pincher (Conservative),Conservative
Tatton,E14000987,Conservative,George Osborne (Conservative),Conservative
Taunton Deane,E14000988,Lib-Dem,Jeremy Browne (Liberal Democrat),Lib-Dem
Telford,E14000989,Labour,David Wright (Labour),Labour
Tewkesbury,E14000990,Conservative,Laurence Robertson (Conservative),Conservative
The Cotswolds,E14000991,Conservative,Geoffrey Clifton-Brown (Conservative),Conservative
The Wrekin,E14000992,Conservative,Mark Pritchard (Conservative),Conservative
Thirsk and Malton,E14000993,Conservative,Anne McIntosh (Conservative),Conservative
Thornbury and Yate,E14000994,Lib-Dem,Steve Webb (Liberal Democrat),Lib-Dem
Thurrock,E14000995,Conservative,Jackie Doyle-Price (Conservative),Conservative
Tiverton and Honiton,E14000996,Conservative,Neil Parish (Conservative),Conservative
Tonbridge and Malling,E14000997,Conservative,John Stanley (Conservative),Conservative
Tooting,E14000998,Labour,Sadiq Khan (Labour),Labour
Torbay,E14000999,Lib-Dem,Adrian Sanders (Liberal Democrat),Lib-Dem
Torfaen,W07000053,Labour,Paul Murphy (Labour),Labour
Torridge and West Devon,E14001000,Conservative,Geoffrey Cox (Conservative),Conservative
Totnes,E14001001,Conservative,Sarah Wollaston (Conservative),Conservative
Tottenham,E14001002,Labour,David Lammy (Labour),Labour
Truro and Falmouth,E14001003,Conservative,Sarah Newton (Conservative),Conservative
Tunbridge Wells,E14001004,Conservative,Greg Clark (Conservative),Conservative
Twickenham,E14001005,Lib-Dem,Vincent Cable (Liberal Democrat),Lib-Dem
Tynemouth,E14001006,Labour,Alan Campbell (Labour),Labour
Uxbridge and South Ruislip,E14001007,Conservative,John Randall (Conservative),Conservative
Vale of Clwyd,W07000060,Labour,Chris Ruane (Labour),Labour
Vale of Glamorgan,W07000078,Conservative,Alun Cairns (Conservative),Conservative
Vauxhall,E14001008,Labour,Kate Hoey (Labour),Labour
Wakefield,E14001009,Labour,Mary Creagh (Labour),Labour
Wallasey,E14001010,Labour,Angela Eagle (Labour),Labour
Walsall North,E14001011,Labour,David Winnick (Labour),Labour
Walsall South,E14001012,Labour,Valerie Vaz (Labour),Labour
Walthamstow,E14001013,Labour,Stella Creasy (Labour),Labour
Wansbeck,E14001014,Labour,Ian Lavery (Labour),Labour
Wantage,E14001015,Conservative,Edward Vaizey (Conservative),Conservative
Warley,E14001016,Labour,John Spellar (Labour),Labour
Warrington North,E14001017,Labour,Helen Jones (Labour),Labour
Warrington South,E14001018,Conservative,David Mowat (Conservative),Conservative
Warwick and Leamington,E14001019,Conservative,Chris White (Conservative),Conservative
Washington and Sunderland West,E14001020,Labour,Sharon Hodgson (Labour),Labour
Watford,E14001021,Conservative,Richard Harrington (Conservative),Conservative
Waveney,E14001022,Conservative,Peter Aldous (Conservative),Conservative
Wealden,E14001023,Conservative,Charles Hendry (Conservative),Conservative
Weaver Vale,E14001024,Conservative,Graham Evans (Conservative),Conservative
Wellingborough,E14001025,Conservative,Peter Bone (Conservative),Conservative
Wells,E14001026,Lib-Dem,Tessa Munt (Liberal Democrat),Lib-Dem
Welwyn Hatfield,E14001027,Conservative,Grant Shapps (Conservative),Conservative
Wentworth and Dearne,E14001028,Labour,John Healey (Labour),Labour
West Aberdeenshire and Kincardine,S14000058,Lib-Dem,Sir Robert Smith (Liberal Democrat),Lib-Dem
West Bromwich East,E14001029,Labour,Tom Watson (Labour),Labour
West Bromwich West,E14001030,Labour,Adrian Bailey (Labour),Labour
West Dorset,E14001031,Conservative,Oliver Letwin (Conservative),Conservative
West Dunbartonshire,S14000059,Labour,Gemma Doyle (Labour),Labour
West Ham,E14001032,Labour,Lyn Brown (Labour),Labour
West Lancashire,E14001033,Labour,Rosie Cooper (Labour),Labour
West Suffolk,E14001034,Conservative,Matt Hancock (Conservative),Conservative
West Worcestershire,E14001035,Conservative,Harriett Baldwin (Conservative),Conservative
Westminster North,E14001036,Labour,Karen Buck (Labour),Labour
Westmorland and Lonsdale,E14001037,Lib-Dem,Tim Farron (Liberal Democrat),Lib-Dem
Weston-Super-Mare,E14001038,Conservative,John Penrose (Conservative),Conservative
Wigan,E14001039,Labour,Lisa Nandy (Labour),Labour
Wimbledon,E14001040,Conservative,Stephen Hammond (Conservative),Conservative
Winchester,E14001041,Conservative,Steve Brine (Conservative),Conservative
Windsor,E14001042,Conservative,Adam Afriyie (Conservative),Conservative
Wirral South,E14001043,Labour,Alison McGovern (Labour),Labour
Wirral West,E14001044,Conservative,Esther McVey (Conservative),Conservative
Witham,E14001045,Conservative,Priti Patel (Conservative),Conservative
Witney,E14001046,Conservative,David Cameron (Conservative),Conservative
Woking,E14001047,Conservative,Jonathan Lord (Conservative),Conservative
Wokingham,E14001048,Conservative,John Redwood (Conservative),Conservative
Wolverhampton North East,E14001049,Labour,Emma Reynolds (Labour),Labour
Wolverhampton South East,E14001050,Labour,Patrick McFadden (Labour),Labour
Wolverhampton South West,E14001051,Conservative,Paul Uppal (Conservative),Conservative
Worcester,E14001052,Conservative,Robin Walker (Conservative),Conservative
Workington,E14001053,Labour,Tony Cunningham (Labour),Labour
Worsley and Eccles South,E14001054,Labour,Barbabra Keeley (Labour),Labour
Worthing West,E14001055,Conservative,Peter Bottomley (Conservative),Conservative
Wrexham,W07000044,Labour,Ian Lucas (Labour),Labour
Wycombe,E14001056,Conservative,Steve Baker (Conservative),Conservative
Wyre and Preston North,E14001057,Conservative,Ben Wallace (Conservative),Conservative
Wyre Forest,E14001058,Conservative,Mark Garnier (Conservative),Conservative
Wythenshawe and Sale East,E14001059,Labour,Paul Goggins (Labour),Labour
Yeovil,E14001060,Lib-Dem,David Laws (Liberal Democrat),Lib-Dem
Ynys Mon,W07000041,Labour,Albert Owen (Labour),Labour
York Central,E14001061,Labour,Hugh Bayley (Labour),Labour
York Outer,E14001062,Conservative,Julian Sturdy (Conservative),Conservative